{
  "index.html": 1672215963900,
  "model/models.js": 1672215172056,
  "utils/locate-reuse-libs.js": 1672215172052,
  "manifest.json": 1672903444406,
  "controller/employeeList.controller.js": 1672319919934,
  "controller/App.controller.js": 1672215172056,
  "Component.js": 1672215172044,
  "Component-preload.js": 1672903444888,
  "utils/locate-reuse-libs-dbg.js": 1672215172052,
  "model/models-dbg.js": 1672215172056,
  "controller/employeeList-dbg.controller.js": 1672319919934,
  "controller/App-dbg.controller.js": 1672215172056,
  "Component-dbg.js": 1672215172044,
  "view/employeeList.view.xml": 1672216102028,
  "view/App.view.xml": 1672215172060,
  "fragments/addEmployee.fragment.xml": 1672215396241,
  "css/style.css": 1672215373505,
  "i18n/i18n_en_US.properties": 1672215443382
}